x,y,z,T,node_groups
23.18780194069691,2.276584933036629,48.22427200668818,30.53560051259388,0.0
16.24758764353841,-20.87170507048235,56.58031797844237,30.669141577926194,0.0
1.479423373503345,-15.0624364488127,5.0,30.916024434476313,0.0
-22.45640599516702,12.60918799032008,48.55200893859738,30.558539212037875,0.0
2.872626942075295,35.35456686613215,63.0,30.727230389114258,0.0
2.2000555539139,6.85059752974441,57.135014841457,30.76229856645228,0.0
17.4442088696367,-5.938917187078989,35.30271403575593,30.65455635436675,0.0
21.33567619817475,-36.46712795335876,27.71633728107255,30.506862451773802,0.0
39.66286897590351,6.849768215079308,12.40502474938607,30.316122677797566,0.0
-29.9206311082899,-17.40621147945177,49.2867213938003,30.443400184451168,0.0
18.62965365520002,-31.73008160397919,15.71263265486757,30.580380217037668,0.0
-25.56464923356915,6.933642286165886,0.0,30.3625662446669,0.0
18.48268622454793,5.68654152050377,25.38858016242476,30.631056364309785,0.0
28.94757038094318,21.39940145927192,41.38460279061464,30.4748701789229,0.0
1.776631747024421,-16.28155679870935,32.04803907086779,30.91666573878209,0.0
-10.99748567327208,34.17650895689707,0.0,30.524508334967976,0.0
-9.238795325112898,-18.67316567634918,63.0,30.914615689320033,0.0
0.7572303458378632,-23.43309920910286,0.0,30.768711780594725,0.0
13.16623868439095,-38.03567613314699,26.7667701835343,30.624240964938167,0.0
16.01075965780605,-39.09882447312157,44.74021646570994,30.548397605865077,0.0
-14.58000515706476,-10.90517770536729,0.0,30.51742070812187,0.0
-13.96199525233987,19.24954441756953,42.45312729453001,30.770993727270373,0.0
5.316314276698063,14.0302418858992,41.75276043709928,30.91277480592343,0.0
-10.24196524516509,-38.92511590113548,33.43942392239444,30.65142234033556,0.0
-30.9039914976526,-19.18573118065425,38.27524485075939,30.456828931341676,0.0
34.97638733969436,-12.34640348044867,63.0,30.296021611358725,0.0
19.95034225900678,10.68709545576019,39.21500346979116,30.622792440627755,0.0
-4.265745018984457,-40.0233171967668,9.685366995546012,30.638225577871243,0.0
39.19340354988004,-9.161856699176797,16.90708758471402,30.340656560610064,0.0
-5.30808440984658,-41.9152327906925,20.9400325307395,30.619535827909946,0.0
5.314461346730641,41.9144247317568,23.86246071562944,30.620527769169808,0.0
5.622395540549372,-8.864831360609946,54.00493975675438,30.790758245025504,0.0
13.12428185925333,-38.050173793018,40.47194805054547,30.624078911049228,0.0
4.319131916363864,-18.56140793903472,38.68026944888847,30.916483105475034,0.0
9.71660260435275,-20.13618236128813,30.13333333333333,30.91656147216288,0.0
-17.15200659014839,31.6478635140564,0.0,30.44668148282588,0.0
23.0924177947274,7.041056803824629,0.0,30.38900249068644,0.0
-8.24362007858404,3.611252000949197,2.0,30.591418377550813,0.0
35.32612050328402,-1.142961006850695,45.33896630919276,30.39373456802411,0.0
22.74512324729253,33.20725626223089,42.79780032016301,30.51918473962307,0.0
-19.97108934421686,-37.23194986037272,0.0,30.321224466781477,0.0
17.62080352263412,32.14686142470065,33.52414358810508,30.622733179230185,0.0
7.437563551187302,21.02057662649667,5.0,30.912449011522487,0.0
23.00074751785477,-35.44048692695824,51.593910394505,30.462296180453297,0.0
-12.7580337728589,3.507745097357528,63.0,30.558334299920734,0.0
-4.103653604852264,13.38078802245594,12.16277993904819,30.912775472524196,0.0
-21.95165852109018,33.73702992519419,36.33643962786135,30.534234127362637,0.0
-12.67857582876441,40.30280653942441,65.0,30.427404996633097,0.0
-30.72724367961129,12.52902750101277,65.0,30.314558056744392,0.0
35.67405864177645,0.9910931020598699,0.0,30.26181457014008,0.0
35.47086952463925,-5.266946701253262,2.0,30.288528707756157,0.0
-13.2238304726839,27.78429046665307,6.258921166650022,30.68659670861834,0.0
14.0237878424401,-1.561220123661593,65.0,30.49631990195653,0.0
6.391160082175467,39.73934539979247,39.52294990506283,30.67339496153386,0.0
-40.57652248366765,11.77320360532397,3.652106203280009,30.24979189378342,0.0
30.46381411595621,-1.345592735376212,26.68859449617385,30.46593032272329,0.0
36.56198432180339,-0.4229964641398663,11.50888425536818,30.34208804169847,0.0
38.85540972571611,-10.50331543117342,40.29099632386068,30.365992134708552,0.0
-36.92566169611899,-20.53187785624516,14.15130879611671,30.334667458190218,0.0
6.396783074600251,39.73844066261921,46.32066646965935,30.66702065294295,0.0
25.84605620241986,30.85520829262628,36.02286153392131,30.493932544211525,0.0
10.41742842277916,-13.49769278907275,36.47644116703434,30.816039460959104,0.0
36.4674427032059,4.835362520411008,0.0,30.252343097751698,0.0
-19.69401810629476,-18.23753551730636,2.0,30.49658049738215,0.0
41.66677836873914,-6.99586166032261,58.10665279803705,30.263720850040976,0.0
-26.02602923387679,-25.32868205951721,38.55875662981093,30.515035557088826,0.0
-38.37223300143528,12.15048289096201,43.27345986270652,30.364146958395594,0.0
23.3547284827639,35.20822570787084,61.56762556003287,30.387527703416442,0.0
-41.0154348064661,10.13886619087797,7.209678989435264,30.270495486071173,0.0
-35.72538108566231,-18.54075635685346,43.48017103848516,30.387856648583572,0.0
13.23814797575625,-10.860217314103,2.0,30.584133561139726,0.0
9.439795404332976,19.19996019352281,26.27112931150534,30.91306768601455,0.0
-9.826139173074537,-4.128509078308489,2.0,30.579220282495218,0.0
-11.66072709934305,10.61679563056858,8.887706696211698,30.6931003628364,0.0
-3.826834323650945,13.26120467488715,67.5,30.910710506608247,0.0
16.39304726633801,-28.63964237868105,38.37790249211748,30.681334746779658,0.0
-34.25849943217257,21.12859949584524,46.62922178918027,30.39134682323677,0.0
4.69862814899962,-35.70771202163314,57.64798988648013,30.744341508180497,0.0
20.3117646010986,37.04719582896333,51.32805353639741,30.488703549417423,0.0
0.9696366242370708,8.369211968477734,63.0,30.736839348973373,0.0
-21.23567692851548,-10.12334140732437,23.8288062656754,30.59588350321262,0.0
9.773787711338407,-39.04530155823733,5.83236127942452,30.565206277479824,0.0
-29.57018973524408,-19.04931238772252,29.05988098845751,30.47692171408552,0.0
29.98827969425963,-18.98235239905802,44.35338398254729,30.457721310401652,0.0
5.884768412648153,-39.81748360619363,59.58852563161512,30.612215911500773,0.0
-8.582313384212428,-4.76253565868086,55.61155093564152,30.698041222875506,0.0
0.17350335933112,32.49849471592103,51.44154383052404,30.912061544488477,0.0
-30.63270199857396,-8.36062567056377,31.63998935822478,30.469591209311744,0.0
27.27901689014012,29.59590744524402,25.8177702214274,30.47470286963034,0.0
18.97371865724634,-35.49733089002132,2.0,30.42673372257571,0.0
-29.17215854100058,-16.623650011683,0.0,30.32620232233938,0.0
-15.82249697428571,1.332259095484298,13.01692735788276,30.61022003774047,0.0
-20.06636448437409,17.7570346662003,43.52293754379769,30.62564182060139,0.0
5.442426288137589,-39.88035225644564,40.38981529956742,30.680235355683404,0.0
-9.238795325112843,18.67316567634904,65.0,30.91084499968726,0.0
2.562275277977769,-28.83570536031252,2.0,30.81476868676908,0.0
-7.281431403692294,-8.93652756376491,11.2684616701387,30.76331847440271,0.0
-30.46822911573452,-17.15333623011203,21.43752055787049,30.452459699596908,0.0
-36.54970225144182,21.19390868459493,48.00518990696598,30.350209965798083,0.0
19.68451581303055,20.5707028130997,44.15590067688207,30.63274434600185,0.0
36.14675229560738,-2.722990256202268,17.21091028942981,30.37347409135684,0.0
41.71094043055739,6.727551441534446,43.91412548209102,30.322092555865066,0.0
29.81227379450829,8.586411016313942,34.21159837595575,30.479492614835575,0.0
5.022726478267391,-35.7408087242578,8.922619443368655,30.733066325390116,0.0
-23.40695342290282,-3.314629660098492,27.19137900082594,30.56147487611698,0.0
6.352175430551682,39.74559557107549,32.74786063125201,30.675174420313798,0.0
-16.00331301020715,-32.73687242818409,36.14055364477608,30.64797017624902,0.0
33.79719552032935,7.550945996839198,0.0,30.277241856866212,0.0
8.314696123025456,-16.94429766980399,66.2397853785302,30.914318574151356,0.0
1.498219989213745,-40.2221063205785,33.5062460247545,30.694047348309855,0.0
20.5115348113035,-11.17849540743077,65.0,30.441391679813826,0.0
18.97371865724599,35.49733089002151,56.46533222887025,30.508973559630995,0.0
-39.41348851792469,8.163297302402903,9.268056681655372,30.304615298774085,0.0
12.09230573517477,32.64832825089776,34.90037607319505,30.724301185539428,0.0
-38.41002994500678,12.03046547826318,16.08878606831824,30.344392734051517,0.0
32.25143145705864,20.28504650544712,65.0,30.293930799287917,0.0
-14.31844076501578,-33.91896139711733,14.39520114995791,30.633332452574063,0.0
-21.6942968150204,8.618602769573647,48.08756086741891,30.565859184470252,0.0
-22.83710826439413,-33.14406411592189,56.57458673007335,30.462754757797597,0.0
9.105414337223198,-34.18203719329798,58.20957869505988,30.707518215662432,0.0
-21.64928383236075,6.352266191923902,2.0,30.439865931824244,0.0
-9.037720061791838,18.2198579363898,39.81491820637655,30.912817195757896,0.0
-1.205195383417345,-29.98634962941733,2.0,30.807751780521606,0.0
-6.140175089504295,-14.60707596196245,47.57398169951662,30.915964223149018,0.0
19.04049969965384,29.88176992230611,14.22831476475642,30.578798926839234,0.0
-12.67844286234267,40.30284836815274,58.14056468439262,30.520322270493097,0.0
12.20788480705239,0.8048462565069854,22.98920086481538,30.701677521952156,0.0
9.581247631036058,-2.427269473456874,35.16396633270502,30.745651896528777,0.0
-24.65151632719019,-7.925196349968481,51.15025756137656,30.506690350428375,0.0
-11.15703010912585,-40.75025373103902,37.8872744349554,30.59354721838987,0.0
-11.71478114205329,-32.44275284313773,39.81488602352053,30.736179806073526,0.0
-20.19037384630332,-24.03452457584106,0.0,30.443414804585355,0.0
25.80816233094675,25.51513761326252,0.0,30.35289644443552,0.0
12.74047189860667,-5.826431771053064,19.73494318841159,30.69934441341169,0.0
11.95958158853297,-38.43215981736159,56.40357818656227,30.588623805013587,0.0
9.466575771376823,31.78289732093753,37.79429618114804,30.795377144414815,0.0
20.8757353536272,-20.49105926607931,24.45296549297248,30.61484383721168,0.0
-19.09996737750775,31.0759207979776,27.00959548303033,30.60148424668501,0.0
11.68395825949199,-38.51684851322144,2.0,30.494463882324787,0.0
-7.316682430874433,-41.61164089777923,31.0649731831966,30.617474783291684,0.0
-35.49733089002137,-18.97371865724624,63.0,30.286094838041713,0.0
-34.27711086631215,21.09839260840848,33.01693442734593,30.41162678837268,0.0
-17.92461301682505,38.25925702620303,10.53329821638437,30.483960519452275,0.0
25.53508457649663,9.504351235671859,34.29434727538322,30.539108012881478,0.0
-14.82786580819769,-10.98680197412538,51.32682070150226,30.678632678098484,0.0
-30.3307407133959,-29.41272968931561,61.60010059515078,30.325332717052763,0.0
12.99042944358116,40.20337352600325,10.45983392830933,30.531770797439627,0.0
-21.09222336411151,-34.28090742028905,40.20142605569947,30.542382474335383,0.0
-3.179477065001173,-13.01891748832806,33.98896486286443,30.916580764036844,0.0
-31.18244441575942,-28.50820338530778,44.65836648672354,30.40667790363304,0.0
33.61479164883801,-5.017166041214507,26.34635778621746,30.42717871170898,0.0
3.415362100372573,14.25600980236214,0.0,30.721239197156983,0.0
11.13730821853111,40.75564826677941,27.27283459263456,30.59093687619495,0.0
-6.423158795210293,17.86348268818785,0.0,30.72934226570691,0.0
26.65790753552459,-11.35251033902513,26.0640450656645,30.518615646021416,0.0
-33.2918883788787,12.73267021057845,53.89697053491425,30.378336005105414,0.0
-2.54130330250028,-19.72885613791644,2.0,30.835219479046334,0.0
25.53432968758678,31.11367074785012,63.0,30.372810994429976,0.0
-30.66073385706537,29.06857236511977,17.44025482099139,30.39800522314298,0.0
27.46315554672178,5.199313721078447,32.73553216556009,30.510401036333697,0.0
18.81723213434992,-26.85210449770755,65.0,30.479358126380184,0.0
-3.404190257156979,22.72815979666165,42.70449520472283,30.912788457499534,0.0
-20.76443379982654,-5.93455918658688,32.1292496618909,30.606314963442518,0.0
-10.36253984921477,-40.9594954543319,54.86974986083715,30.56441553629688,0.0
17.20474786297751,-36.38762359609886,59.59001363790487,30.504105472915374,0.0
31.68263930025405,-4.53022805486676,2.0,30.32550662836213,0.0
-14.2388119473864,39.7783701818836,23.99755609101536,30.563796649790838,0.0
13.97964919515561,26.96399126704746,43.94178780895943,30.747945404038397,0.0
15.10295729564403,-32.99397612235421,38.25723991866171,30.661344573415068,0.0
7.276830641392201,41.61862847111249,27.28425332321157,30.614226144552315,0.0
26.22543229276783,-33.12535586310659,31.1578160099735,30.463560979457952,0.0
-2.916121280075053,38.47601737746497,0.0,30.52346707534541,0.0
-32.4121610669408,-10.84570402458736,37.12102287737756,30.44468943852442,0.0
-1.546535856451592,40.22027755802674,25.96027912472685,30.689259894272062,0.0
-1.254194575893693,-16.19473807779946,67.5,30.914479201876844,0.0
-20.4006362964391,34.69692405243455,12.48587997575143,30.50433039438096,0.0
-34.41565612076657,24.50765418756235,20.72454868198068,30.375747838233274,0.0
-35.29949505399644,19.33929029031006,22.82816983964569,30.391384403409436,0.0
-16.03519008826045,2.027642145362461,28.6834978086765,30.664646673722203,0.0
-8.182679390961994,34.67202480241851,22.8549459161281,30.752605739325023,0.0
19.1525516662652,22.84831131951655,38.7520262712314,30.64902102112742,0.0
-27.90894772990809,-15.21225757168645,36.92583783391098,30.504628512818385,0.0
-19.16016714062263,-7.353449522226241,5.486833452798384,30.513772831655164,0.0
-26.36954174365495,-9.50266597269138,27.72290354808414,30.524643045536024,0.0
-30.23372948226115,-20.23181868730552,18.32877862711376,30.441948044027843,0.0
-10.37944085704892,40.95521587655257,30.75602707715122,30.597185689801268,0.0
33.67458481498021,6.648554517660148,2.0,30.3028923240722,0.0
42.12024221453294,-3.308730238184631,43.97058823529412,30.31910817087455,0.0
-40.22335839297237,-1.464219788999997,46.78402749694462,30.339869480368606,0.0
-26.72949303179061,-9.658123512036582,7.227628844269345,30.428664549877215,0.0
-6.101923488989513,37.62101761976595,65.0,30.565710235334276,0.0
42.18610205303823,2.322777124616993,17.20588235294118,30.305520771032864,0.0
39.35838256700532,15.36164775371611,40.73284633118141,30.345752871768756,0.0
-35.9103942861744,22.25996590768937,61.81345423187065,30.263222603770608,0.0
-35.71052708571038,-18.56934988794021,29.83039869018959,30.39861350801336,0.0
-30.93350108769571,7.02191219940133,20.5644506013519,30.445902523537335,0.0
-19.4043521535166,-35.26377202600872,43.63501383458084,30.5556959585859,0.0
-1.135179351993281,-32.43535947204771,26.22218806195809,30.916526125105474,0.0
9.384186056760402,0.1156763950506257,48.35430781344951,30.71597302946445,0.0
-29.23505803365702,30.50203078105958,41.12869445109228,30.42911444200497,0.0
15.99121946332411,0.9890463340216397,38.63673471138042,30.6630675984156,0.0
9.360357637124132,-4.172457603001699,58.15447109033781,30.662361582361218,0.0
34.73498772253998,-11.21208949936794,19.00445867384672,30.39464998949987,0.0
-42.06435274561581,-3.956352877639144,61.57024222901254,30.242618173169,0.0
32.69522460983614,-26.75976060640986,61.9951223341332,30.301804802176306,0.0
-6.136510647650666,-33.79093185974772,2.0,30.671905530691813,0.0
18.09816446815626,2.414818673728142,34.14396074885893,30.639163278820032,0.0
-18.97371865724631,35.49733089002134,2.0,30.404026274783515,0.0
-32.81227279610785,10.69750339750613,27.37539339269482,30.437317381071946,0.0
12.88522003333978,-17.9586039096885,63.0,30.709799211460876,0.0
38.84716246560375,-10.53377749769698,53.99079247890223,30.32028958207066,0.0
28.30028871357677,-20.99724351213986,20.98533595992927,30.477351845079266,0.0
-2.967242798884516,19.73488565993642,32.04651891910125,30.913157447309253,0.0
32.15775217124106,-0.4305610766200263,0.0,30.294454590091956,0.0
3.391899391566588e-14,32.5,5.0,30.912119242259656,0.0
15.40300815269493,37.18615118357926,2.0,30.458997430445212,0.0
-39.55615832981206,-7.441292776583913,22.99135201044594,30.355800254660487,0.0
-10.25863826261042,-10.62010308796411,22.9504664921328,30.780753956658888,0.0
23.67665920954632,34.99254647314204,44.47466780857974,30.475576210772743,0.0
7.95376145588327,-3.221947581261452,50.41425461837471,30.727995825499505,0.0
39.06688178663185,-16.08854398226677,54.90266230893847,30.302223337951723,0.0
33.46665189517747,22.36170187903896,2.0,30.294040544138515,0.0
28.67001833273282,-14.14555768630392,58.68795039134665,30.403561257925567,0.0
-16.39688077540255,-38.93847455714251,0.0,30.37900494764523,0.0
13.92398670620683,-23.99378643193245,54.55363530211642,30.7484049922042,0.0
23.71563974023656,-19.4530141212923,9.601162292289231,30.49734101617509,0.0
-33.73951765148743,-21.94783471427121,36.69331545208284,30.416400054219142,0.0
33.46886450162021,25.78560856315372,0.0,30.25834915457143,0.0
-36.54788914019244,21.19703515579959,27.42006021882432,30.370487601394238,0.0
-23.48985706804901,25.25364828936887,22.30645279446718,30.546757851943028,0.0
36.12515177727192,-17.74925094388683,26.95182679124031,30.391944379335285,0.0
13.13454256405922,28.74582263250045,56.75868663900167,30.71575512628012,0.0
9.970564077245754,9.999090362271893,22.1555737812914,30.775676490496874,0.0
-41.98539347815836,4.721147581279092,51.20005724616387,30.298605330227975,0.0
-7.240817940336965,-41.62490907563516,10.81924485951649,30.57703306546638,0.0
-22.36483395956355,-4.937431737014869,21.87460916889587,30.565223009471104,0.0
-8.401615371940224,27.92336234655013,41.72920479429738,30.91267480722812,0.0
11.2680609469649,13.34710692388033,52.68077859674312,30.766980503073903,0.0
35.57279824287703,18.83184869235001,22.3662872124513,30.387556619034864,0.0
-13.05751937476118,38.07313603812715,53.28632715407466,30.591732962001522,0.0
-36.93201420250317,1.674276297631495,63.0,30.282231012627122,0.0
36.0446087054601,-7.795458827377423,28.14148238430259,30.40117964561832,0.0
16.74217864492767,-36.60275883347222,47.30022584206663,30.576942518769812,0.0
31.11367074785012,-25.53432968758678,2.0,30.31538983639154,0.0
-6.55843107661097,41.73786628246997,17.36625921956007,30.60430671139635,0.0
27.52996928782918,-10.68366069987062,30.17779970488087,30.510917969864845,0.0
-24.68673631812694,10.25805297344742,52.35257565063235,30.5009154159913,0.0
17.01551541528351,0.8444035919795139,57.79354621990966,30.556678526472556,0.0
9.082868262665967,-29.95192762038205,2.0,30.705564401552422,0.0
5.332079145450009,41.91218715346,44.50093055797914,30.619206351115672,0.0
-11.98740567442205,-7.362451863626577,63.0,30.594357199432082,0.0
24.99392597447129,-34.06414778594424,65.0,30.32901739485044,0.0
26.501769788974,-10.30070826139461,13.83049650704844,30.47641806340043,0.0
-39.86059959545997,14.00696612012811,27.43891548871598,30.345137172839397,0.0
19.21040170376159,-21.3919873983988,65.0,30.487230366723754,0.0
13.221091718883,-21.43805768487777,65.0,30.67168403266471,0.0
-9.731472026180477,-20.19816329778439,16.51638814714617,30.916377058090383,0.0
33.24941503029872,15.72580212832269,63.0,30.31315014560265,0.0
-28.20419646154401,28.71560206505565,15.96725762047018,30.437954754555154,0.0
-12.64576283595784,3.089053370192779,30.77494174377794,30.711827302217134,0.0
31.62459757174204,17.8508932299206,0.0,30.295937696719495,0.0
21.98309043750324,36.08055203037439,27.24628930182907,30.498781321832823,0.0
-11.92188009713523,26.78393212092691,0.0,30.612387752612214,0.0
14.05862523922623,37.71495136392186,52.78220884377767,30.585264531767283,0.0
29.31905995489786,-30.42129555691382,17.7470677833245,30.41304517640516,0.0
-27.39651668769487,26.25983602713657,65.0,30.334718126453623,0.0
-26.55141086817808,32.86464788962747,7.034612413811466,30.377164178610393,0.0
-6.69615761019408,9.473216821787865,49.52747870107605,30.801746162119723,0.0
-18.72451189732919,-25.02665960857528,32.36121759892391,30.654886695085242,0.0
16.89990153027879,2.465849507900022,5.950767926306694,30.53670309718828,0.0
4.391359977056101,26.2858727669236,39.21650461687437,30.912894398529968,0.0
-38.43060315419375,11.96458278440471,9.237365843220044,30.31187128481239,0.0
-6.498782193953305,-4.410272099023786,63.0,30.63393862244074,0.0
-12.30034892623693,40.41984557482651,41.0985601703667,30.580918147716705,0.0
3.434763411924088,31.89161329613329,45.62093989597484,30.912463116490034,0.0
-12.47063094158772,28.85231704423123,12.6494452641002,30.743878203028732,0.0
-33.36157420406402,-5.363805330236054,2.0,30.311387473183046,0.0
32.3834029008614,-16.60971114586063,65.0,30.295152512796555,0.0
-20.33547435211769,0.4011620491452311,10.59943267859385,30.53155504925017,0.0
7.819451663716995,-28.73347220085191,24.3303745818694,30.91651476412137,0.0
-14.67020605029644,8.569765212771948,50.85282549088803,30.66635465688077,0.0
27.30289441551798,29.57388132347658,32.60574160089913,30.479641335324324,0.0
-0.4789212888467224,-31.18463261164397,0.0,30.715693717060493,0.0
-15.07190725924734,-15.8726383165576,63.0,30.616777341164763,0.0
-22.01617301090791,33.69496440054167,22.71177921534466,30.52455134052795,0.0
-26.14275738130777,-7.086886357558043,46.34520892374161,30.506453280312503,0.0
33.46665189517741,-22.36170187903905,63.0,30.29661646376988,0.0
12.61695358060125,29.04305229186124,6.237677995720363,30.689558646550747,0.0
27.29135792910421,-9.70324038079076,0.0,30.345702631124,0.0
-17.01125028388358,-4.490316112239321,0.0,30.4565515008909,0.0
16.89211036945833,4.810839417954144,53.0809600563241,30.60272470364153,0.0
3.579528114960883,-6.869518735314814,2.0,30.65863686683215,0.0
-37.40220220925494,-14.87070172849974,56.49740849126427,30.320478975472064,0.0
-2.544638660705021,7.168862877076194,52.98456856552108,30.790305265249188,0.0
15.06798364740294,-6.635183278980723,43.95910583131912,30.67782301255207,0.0
32.68870966498737,13.0930013723689,65.0,30.294941014640912,0.0
-21.71963451004443,18.6683198076866,57.44591024558061,30.526038652908223,0.0
-13.80687545226353,0.3190116113798876,17.55242675784118,30.661951537984834,0.0
-23.00998754870508,-17.15893578070214,65.0,30.415229722142573,0.0
-27.24616361154117,19.18047345660215,63.0,30.38142724644253,0.0
4.941462795043561,41.96003390662596,61.57017375167796,30.53724547937218,0.0
5.953311077798032,4.740128416890299,2.0,30.618139071972184,0.0
-8.145517833250121,1.119525761403017,6.824989575695096,30.64606645840733,0.0
-36.95937988037848,-20.47111962883014,54.93173803500598,30.319625251348615,0.0
8.980594917266565,-3.151257937500924,18.27346210441252,30.72727478847619,0.0
-0.01588882192695364,-1.70320772658411,63.0,30.643801246141308,0.0
-4.364338704796754,-31.4973633732229,51.47058320705611,30.915600056372895,0.0
31.53213154657275,17.49369516128014,43.01666610461363,30.440968947159533,0.0
-29.52300832365606,30.22340946222539,0.0,30.28290213042917,0.0
-3.123305581306632,-5.499013974466719,2.0,30.6440548615969,0.0
-2.052101783714977,-19.36453084132278,67.5,30.914662002440878,0.0
40.05618524855592,-3.945189898264846,63.0,30.2384356576885,0.0
28.76093730089341,-17.25399909072907,65.0,30.335849434370996,0.0
18.52423098337279,-35.73395257279345,43.89788756548877,30.564795813628272,0.0
8.494619935185112,-41.38724359215959,17.71887619991362,30.59774339627512,0.0
-23.5646357924729,32.63082039986284,39.71315322531872,30.51425138021591,0.0
34.51457402102243,-20.70764786612336,59.58901962556704,30.320867911616077,0.0
1.95090322016124,-12.69214719596769,64.01410529050656,30.914564460018205,0.0
-22.36170187903913,-33.46665189517735,63.0,30.394151706458608,0.0
-29.28788061070592,-7.769589857779821,11.73635595614058,30.426579626456636,0.0
0.1413732573012811,-12.500999369831,39.80974982302963,30.9164069933189,0.0
-20.80524015436812,29.60580262072082,10.6658343388104,30.522427096660348,0.0
28.07391975279021,31.57400085060326,65.0,30.303807407583264,0.0
-39.74179089308843,6.375935743875858,33.10615646783019,30.36444375735345,0.0
3.407141990994707,31.90166918441617,33.97760175140958,30.912945116072432,0.0
32.29389655099827,14.48420312751432,20.37605603988915,30.425898235389592,0.0
34.6046842681,12.16637787127421,63.0,30.300412103623184,0.0
-25.80413027759239,25.83318314260205,37.91256847171175,30.515641810115405,0.0
-16.81143310800866,-25.30700133470413,26.65106268640462,30.69414666718219,0.0
5.271104047094622,21.16016744222569,19.58327195639017,30.91307618698717,0.0
1.462731216932848,-40.22341255272867,47.19694713045953,30.685940692785657,0.0
-5.62496944926684,4.698453579627891,6.263504780483975,30.679138745553924,0.0
-19.4096813008837,-35.2608390682656,36.7842307373097,30.562940096098025,0.0
-23.08013978146559,8.956658434168574,59.25394487155695,30.472063687451204,0.0
-7.096461845995934,-29.54558225190253,18.4512775399484,30.91639706204814,0.0
-4.37486484549603,13.50775013783297,32.045008157818,30.913096635819507,0.0
-37.90772585050816,-6.898596866796836,65.0,30.25056608744093,0.0
23.59269298498577,-4.472992602648096,12.35411123117162,30.502017830585675,0.0
1.791751155971838,0.1733437450350042,38.19294713579298,30.790017914383633,0.0
40.00386062862271,13.59241092690071,10.23535958478047,30.290450853489467,0.0
-3.906170871591714,16.67533490373922,67.5,30.910891438640665,0.0
-6.902693536834934,41.68231425840625,3.429757812074318,30.47181125032794,0.0
-36.61282321950083,4.284321221349874,48.04629595424917,30.371277185266344,0.0
-23.30904891921198,20.93532770044916,43.24501404765909,30.56282964318931,0.0
-32.62410703032865,-23.57392925402257,40.1052934468042,30.423157739849756,0.0
23.34830553752726,23.32450703558771,55.82911208014495,30.50354186842004,0.0
24.98528971325188,18.74975724540687,0.0,30.374818372965972,0.0
-15.45680142431185,-29.68970012980311,28.20756401482826,30.691954233658272,0.0
9.47195013536702,25.70658083215139,10.97130600707587,30.91261530014346,0.0
19.74645471063738,-13.24149396223165,55.25985123371792,30.572301949145643,0.0
-24.65830672220585,34.30787678644101,37.69421098104463,30.47473688377113,0.0
0.4155938148093099,40.24785437487434,22.57300693548338,30.68773253016923,0.0
2.7598943741422,-3.303972355239084,29.33058172141531,30.796279191877176,0.0
-21.60761234970054,-14.98709685669876,36.08554984703665,30.606934237349353,0.0
9.003274513491482,35.72327054500771,63.0,30.617795028181586,0.0
7.818212825947245,16.26497408119309,32.0612133930133,30.91306157346053,0.0
-39.9945131373426,-13.61989056148874,58.14048590627831,30.279259242002972,0.0
-32.39397186140366,-23.88918347375205,5.856381164111919,30.339091745795788,0.0
-23.74570136931794,-24.54898927235023,10.58828810762877,30.493830058445177,0.0
12.26525543505337,15.96334430655048,16.18186069718236,30.780328427049035,0.0
-15.90139538906692,-20.9562032348082,28.57672084829811,30.73038414486455,0.0
1.393405922970867,-19.52381870381117,0.0,30.766100269111266,0.0
-2.969169476672533,-42.14553988999069,61.57024268631105,30.545747963525372,0.0
-17.49157013226303,-31.36318412116627,20.34276456506919,30.620559364387308,0.0
26.26644211064036,24.13526007408547,38.17735599965787,30.514066327878844,0.0
2.593676388514095,-27.09633574648577,58.05745719793168,30.915208747225105,0.0
-19.48475898665367,-0.1378104383840463,2.0,30.460002139939043,0.0
-13.55937578888067,-27.76169035842705,24.44700645500683,30.755701499846964,0.0
-38.71724654904574,-16.91263786818621,41.21429062121004,30.350816597347794,0.0
3.357975816713662,-24.96673021511291,2.0,30.832098263473792,0.0
14.16310525525505,-39.80538844840692,34.5497589212884,30.571927741623465,0.0
-21.69227599346014,36.25613964866576,3.428015920121346,30.362186530301283,0.0
-3.671292814366611,9.019187052386929,24.83772323961903,30.83725016077708,0.0
21.09706180425502,34.27792997290595,52.80440728235614,30.506248671216568,0.0
17.31345051631686,-28.00163644195342,0.0,30.482577161268427,0.0
-39.04375794108044,-9.779952241106223,5.420411529046202,30.283763777049497,0.0
8.573384042532126,27.64753203576777,26.211055079289,30.91302095268785,0.0
30.38730093820828,-8.27757279543717,49.6881754061812,30.435599240672342,0.0
4.787460013179797,-8.552010102541384,6.694172463411685,30.74604767285438,0.0
-15.52829220546403,19.20379609536398,2.0,30.588759201643786,0.0
-32.61068770828427,-23.5924892114579,33.28409182482883,30.42834376712883,0.0
40.14567569820662,-2.896070222633186,11.618536951455,30.309359715555033,0.0
10.0,22.5,55.26666666666667,30.911764351144985,0.0
14.01914585671309,-8.517520765350298,16.44374927609515,30.682584933528663,0.0
10.17776722220102,-8.852531767131229,63.0,30.640822999088158,0.0
7.836860603607612,10.82237503629819,14.53833925948674,30.798289621642667,0.0
6.075507947460902,-14.5571917321177,20.35666349530805,30.916544073923646,0.0
-0.4449292442629138,-29.05528409848711,64.10988491613482,30.91462692918355,0.0
-4.548266661045408,42.00447321869449,34.19722363763768,30.626725099260344,0.0
-40.58894918697894,-11.73029001759301,61.57024223092775,30.251907785946333,0.0
6.104570193634958,-14.57950615485476,24.38675707309136,30.916610971133984,0.0
-12.03530954332262,4.731945130709677,0.0,30.513469526812745,0.0
18.74086494950075,30.46122272773202,44.00390417673624,30.607504588073994,0.0
27.49573571683384,-3.737700414259726,20.30317433407195,30.488213826510375,0.0
1.950903220161312,-32.3078528040323,64.01410529050655,30.914456685055644,0.0
10.70088004915663,27.95942665992687,2.0,30.691329724828574,0.0
-4.475147936821386,-4.046721861813717,10.92719409601324,30.72845674187538,0.0
3.826834323650923,31.73879532511286,67.5,30.910545494736564,0.0
4.535124512346117,-42.00589417757367,44.71939683864746,30.62415151883173,0.0
32.24258761986455,-14.86329252662326,39.74818819061576,30.44116683279263,0.0
-1.145862735445741,-32.43413300653443,37.87373983104515,30.916352242805413,0.0
-31.63406680106591,-10.13514200833852,0.0,30.302522223987214,0.0
6.029962818712698,1.601532555721657,37.90073659371773,30.772170443526647,0.0
28.35784456974975,-10.66958504620796,65.0,30.340051298051037,0.0
26.10130077681133,-17.99693218051221,42.56422056915877,30.521738120789305,0.0
-36.97896462246609,15.89398236599,50.08815333537754,30.354450391366743,0.0
-6.119575531384667,30.40890607579064,47.55926831577241,30.912341289247838,0.0
-1.936779149298487,-12.68934831283657,8.34086703526244,30.916092651411102,0.0
-18.93303505119574,-17.47189998009074,6.377451118125626,30.56078562823838,0.0
-40.05618524855591,3.945189898264948,2.0,30.25018479218203,0.0
18.97088561237618,17.7316556288395,47.24489043314751,30.63827386946176,0.0
26.06490846819132,22.10718643553096,2.0,30.38748230132524,0.0
5.316322850139837,-30.96975273270012,26.22786901057048,30.916525464926224,0.0
-28.23816179148393,-0.8385093988785931,65.0,30.33888437821822,0.0
42.06327844576627,3.967758358813509,55.17417338087048,30.277555181701203,0.0
-27.63762832754723,-12.28873400774218,42.03842943985822,30.500794995084615,0.0
33.59235057436461,22.17242618409149,22.39119720808547,30.405829428579857,0.0
-18.37505508871069,17.40361211793625,28.37934715722856,30.668411491865367,0.0
-13.96251511014308,-12.23211413626321,65.0,30.56279512867821,0.0
-6.212718141704256,9.930944867866238,21.61358127221165,30.823595414086345,0.0
27.72075435915757,-31.88451470164233,55.0074950458329,30.39917934703897,0.0
16.00817853959506,-39.09988132775403,31.12821499664841,30.556455171782808,0.0
0.6237418553924741,-4.249325040436505,2.0,30.63826188513884,0.0
37.89714862361659,13.55981659903686,59.57958847095379,30.294257501064752,0.0
3.582061259887485,-40.09028981100553,16.57445476836144,30.67413643415388,0.0
4.759696322018893,-22.73972295013286,18.53333333333333,30.91655551267703,0.0
6.482810540024158,11.75042533861818,0.0,30.65223646110384,0.0
-4.357463261649727,-31.50069519111568,32.05477699963389,30.916494856889106,0.0
-11.06740902975403,14.42099495978547,23.99375247794299,30.806549554436774,0.0
-4.373635217377788,13.50715200921795,39.81492258169303,30.912871006490576,0.0
11.60678125257269,-31.61269143919844,2.0,30.612025446802633,0.0
8.853917123784836,41.31187058903469,3.431689475681956,30.491893441036943,0.0
-16.0779199766457,39.07125528089131,13.96539381156879,30.521036618065892,0.0
7.071067811865488,15.42893218813454,65.0,30.910833035372423,0.0
-20.33207845679686,-37.03605116135705,27.59807193079922,30.515746040488814,0.0
30.46429550263085,-2.797510693732214,59.09179030094828,30.374324387187873,0.0
-16.23021503340044,-28.73457845263383,52.41789069607486,30.653055651455453,0.0
40.25,-9.858406733136e-15,51.5625,30.319878374851363,0.0
3.826834323650923,-31.73879532511286,63.0,30.914563029699405,0.0
25.47019613388287,-2.757077867979874,30.49407175151634,30.536134101022906,0.0
35.20737319328556,-2.942558028746745,0.0,30.26707229133992,0.0
22.47605485839926,17.44215253685995,2.0,30.445377770139824,0.0
-6.123278528567552,30.40603946749468,20.38173102799031,30.91294215194255,0.0
6.903296778691089,41.68221435558952,58.14503291528153,30.564697128687563,0.0
-19.60570159660301,15.37642156590602,40.29758903347848,30.637534383083764,0.0
-8.70685266834677,35.72623373826809,2.0,30.577406175633417,0.0
31.27546162784578,-18.04734472901221,36.53637597837692,30.45484068613069,0.0
8.013135725406121,28.48244564089137,22.32763187332573,30.91298203929569,0.0
31.10340765945341,28.59441434913216,34.0244940707651,30.4188692943435,0.0
-39.88581712606003,13.93499523453438,7.199407390147048,30.27774176401819,0.0
-30.41782437243827,0.2606816891404282,63.0,30.34463115575468,0.0
-36.58323369744001,-16.78480003570162,40.04722498550305,30.386663937248233,0.0
-26.34758386839693,-0.8329880482920784,59.38008997983349,30.421668560049472,0.0
40.13395829174112,-3.054159759538496,49.54771686857066,30.329557734680712,0.0
-29.67248184029449,17.76854562980508,2.0,30.34633242920779,0.0
-12.94638054498386,-0.6918980138862841,50.24195564326759,30.665949864909567,0.0
40.38631716914871,-12.40999135829368,54.8946744631733,30.292313686713978,0.0
15.89311658640555,-7.021114803940973,39.95361015811228,30.675740174109304,0.0
-10.77555712417095,-40.85278287538964,61.57024230478641,30.502789264177114,0.0
30.90719891488998,-28.80638046050604,0.0,30.277221270072303,0.0
-6.852850097167339,15.2172501384605,56.89921914665663,30.911683063511468,0.0
-26.95566870829112,21.17862288094468,24.74534350881619,30.505138596338853,0.0
10.9645201850912,15.17374183728712,63.0,30.735711704837808,0.0
-6.141777833274018,-14.60832305230986,55.34250254497547,30.91537138598423,0.0
-18.36731858864292,1.263867434686505,36.8151924793635,30.63309572439516,0.0
12.12435665363163,-4.898596172218014,7.332543132370708,30.621968836060866,0.0
15.77794533767589,-26.69744935777089,63.0,30.600807699293004,0.0
-33.45204245803764,-10.33727711261956,14.405514106779,30.3913863601541,0.0
11.83463213874939,38.47081987871431,8.952077064392068,30.575085045921266,0.0
-39.80370337264375,5.977265078829026,5.714146926778643,30.2800897165357,0.0
-15.64043357761768,28.37038824253208,65.0,30.539851302888955,0.0
16.87024585968437,-31.52576673198275,19.68701622736065,30.63037548447837,0.0
-14.87509072808139,-39.5448375370458,10.79865452312466,30.5178304508782,0.0
-28.95220820217768,7.161291301105898,24.37589936330424,30.481720601131887,0.0
-25.92771477490713,-12.57926044174242,63.0,30.402228752769766,0.0
0.104813014251316,-12.50054930348454,28.16406982016297,30.916656897858218,0.0
-5.992071600107389,20.52820959060306,63.79214118881454,30.91117685027254,0.0
8.54645328961478,-4.70224632062723,14.22395245563451,30.72021198406765,0.0
-5.26637504107634,8.817188257841032,38.3637562993211,30.825515606428407,0.0
30.27227921164693,-6.829273420464895,53.81056840735101,30.41452373539235,0.0
18.56308112500316,-25.98725940723494,40.75808964040174,30.649263788551764,0.0
34.76636998566796,24.00754085739825,30.60069611974344,30.387340846335114,0.0
12.35401188026085,8.927181808321189,51.62798885628338,30.703498866238682,0.0
-40.99654009789472,10.214998776393,27.45103705779378,30.336852218310028,0.0
24.10908762319506,-14.39951918409186,41.11074213436201,30.557374510335322,0.0
9.720416632542335,24.84808442986923,37.86666666666667,30.912848798733144,0.0
9.097855351470725,-41.25883575676507,55.04856009171629,30.573287376482106,0.0
-28.80941921085558,-28.10835933905046,36.71214648871001,30.464400500352756,0.0
-0.5893039868675986,42.24588998720541,47.93507461471599,30.625173841822523,0.0
38.46267584427683,11.86107359803842,28.9575265791892,30.372950219669058,0.0
-10.0353982814985,-22.22823414270651,2.0,30.759167612076965,0.0
29.96039639743434,3.96804801119819,27.90535285229758,30.474054300604447,0.0
-16.90176131639441,36.52934388137341,12.46208970002835,30.543188161083666,0.0
12.97673049042801,-17.11639632150822,57.81073496649839,30.74450149121377,0.0
-36.23830937577374,17.51706121430501,12.63205889096004,30.34748638816679,0.0
2.66376700345255,26.60475211829827,10.066736022577,30.91273536141733,0.0
9.671900585145933,31.7301536241279,18.05020772894575,30.78290080623546,0.0
-3.405266811962929,-22.26518243622306,42.70346050373313,30.91631747511365,0.0
-42.20356266527131,-1.98035308935493,0.0,30.209705985445954,0.0
39.47660753623002,-7.852385461149181,2.0,30.250694295647364,0.0
40.13154443439286,-3.085715688515664,26.78125,30.356977517588636,0.0
-19.6430678796345,-24.11196305320781,5.633337379421061,30.53345438535242,0.0
-22.05010085540614,-36.03963862563577,51.5354644637387,30.471257622090356,0.0
5.308236043739621,-35.5646784967373,17.69132534089871,30.76836902246166,0.0
-3.64914344183171,-26.44696871731852,51.66777530323971,30.91571681600399,0.0
-4.941362353320485,41.96004573511792,65.0,30.47526478214417,0.0
26.8325450588952,32.63551785497449,37.6360719142231,30.455311871242575,0.0
-28.80515476379042,-28.11272948388473,43.55749784407437,30.454713902550196,0.0
-9.244136959660167,-18.35835132642967,2.0,30.761497206904696,0.0
-40.05618524855591,3.945189898264948,63.0,30.253026148865736,0.0
-11.21768208200214,38.65522097604835,36.26836992520554,30.640764124354867,0.0
-8.548870268655932,41.37607179433169,20.72112563532561,30.600344530950593,0.0
7.852385461149252,39.47660753623001,63.0,30.548493285650952,0.0
-14.04112662522992,-37.72146952458586,47.09371436050113,30.605286038964557,0.0
4.953551362699862,41.95860851955287,3.434652018301211,30.510094776539873,0.0
15.02641341861053,-37.33991697597896,23.48464157617374,30.60280327045605,0.0
-12.52858989007903,40.34968321271196,6.768967439893531,30.50039172272024,0.0
-13.02225324371196,31.92894070541441,63.0,30.605100007399145,0.0
-36.5707761962501,-16.81192518433826,26.46929175765987,30.38747650275165,0.0
-9.728024391140572,-20.18363615868014,47.58207989720322,30.915908386910555,0.0
3.826834323650859,31.73879532511288,65.0,30.910729265928758,0.0
14.8395369561863,39.55819312008551,20.65164491344894,30.55427183071365,0.0
-16.03552226184945,33.13832077456696,2.0,30.49004791158862,0.0
-23.64719619310463,-35.01246366945374,7.343211377838459,30.4062332305354,0.0
36.59650718150963,-5.274732975341962,63.0,30.27889565152204,0.0
-36.1839925658543,17.62898698150864,39.81458910786743,30.3895243213876,0.0
8.586196586308274,7.768740204414646,65.0,30.600383953185407,0.0
-12.81643314306211,-0.9794943932549808,63.0,30.55167084975959,0.0
18.52801650666954,37.97071377165013,34.09011435044437,30.53283450048168,0.0
8.164478379198108,-20.62570712594777,0.0,30.722508593484818,0.0
-31.42574145589292,-25.14925990854151,36.688117760438,30.438452169129565,0.0
-35.91802334537363,-22.24765378553871,10.72670911073613,30.326447572327115,0.0
-30.52052788021624,14.00788817048311,2.0,30.338923704125275,0.0
-42.24805856022392,0.4050282606068255,44.60900894576085,30.317397903967223,0.0
-38.74298511072075,-7.623703498703434,0.0,30.239393732854833,0.0
-18.51222713782163,-37.97841421646908,10.78534787779338,30.48284881938224,0.0
27.2761230218695,29.59857450783468,19.00147856054358,30.45936252607793,0.0
-39.56318789017985,-7.403827656444117,29.76370161249559,30.365209798839963,0.0
41.35301824787985,-8.659698712456253,48.15656284989399,30.313114887125586,0.0
4.534853904050337,-42.00592339264689,24.23991380133034,30.62604497005115,0.0
9.597722265349649,19.69220240807647,7.826786841682486,30.912471651931902,0.0
-24.65948084524898,34.30703287145069,51.06524205052985,30.444988045061063,0.0
2.218192981137661,-32.25087790398545,43.69276302175291,30.91610045893602,0.0
-33.45671698712108,22.37656337429149,56.6720199088209,30.34998723360278,0.0
-37.38720676727774,-14.90836242317785,50.29467310250666,30.351512407504067,0.0
3.94518989826491,40.05618524855592,2.0,30.538169597425345,0.0
11.23192681873762,-23.13129158966366,0.0,30.657711661879997,0.0
-35.65927044097883,9.104082889805111,63.0,30.292022801391813,0.0
-3.9451898982647,40.05618524855593,2.0,30.52380202266996,0.0
-21.88239741447023,7.343342870030291,65.0,30.412916535822166,0.0
8.553502489686565,-17.3194985610536,26.24768526329657,30.91659282386351,0.0
-15.67014219509233,-37.07437313813394,9.367577719462945,30.53857587812744,0.0
26.20650134088624,-33.14033475193224,51.5911659811966,30.43084125131453,0.0
31.29321368407474,25.31397395358614,22.41881004223299,30.427908567327584,0.0
7.262364529519558,41.62115521511117,20.59512441633041,30.60788024184513,0.0
-6.412404617534156,-39.73592287868783,47.14533426558734,30.667861538986593,0.0
-40.17319816150546,2.485286598445783,46.75822309883835,30.3402051637625,0.0
-8.332525659386626,-39.37805881624517,43.71208937129555,30.66047737119445,0.0
-34.04805613400586,16.01803450892333,63.0,30.301751039060996,0.0
24.66972081383821,-34.29967018744171,20.88614280788319,30.465281944485326,0.0
-32.66822714191824,-11.63916337891559,63.0,30.322654108954787,0.0
-13.91450603262688,26.79731336096693,2.0,30.615530256039325,0.0
24.99392597447132,34.06414778594421,0.0,30.31841621741843,0.0
-40.10840789437075,-3.373146332250958,56.45867560510764,30.298909393852124,0.0
-18.69387733843692,35.64549691132773,9.006628673798783,30.498446012103056,0.0
-2.561581355841189,-35.38512554976369,65.0,30.68020989122294,0.0
-26.56311861346489,32.85518573265102,0.0,30.299937963718275,0.0
-6.508328235688484,41.74570832524633,44.51841470708987,30.613812400198757,0.0
-41.77932883265179,6.288893566689676,20.93871012714284,30.320053652009435,0.0
16.63393671476345,-23.79723095824266,63.0,30.592021891961082,0.0
13.25388299631913,10.64853691646134,0.0,30.535266717730593,0.0
1.804746450753764,36.7364579496269,2.0,30.631370418761033,0.0
-40.4877552317469,12.07494001203119,17.49114005658556,30.31961840149197,0.0
37.68989169804958,19.09278826649721,0.0,30.228946121770168,0.0
40.12628264999581,-3.153401448062969,19.15625,30.34023714917931,0.0
-40.46863433677942,12.13886876591215,37.7319965487066,30.34134406457134,0.0
-9.80785280403229,-24.45090322016135,59.62640405822042,30.914913184574747,0.0
-42.22080522335654,-1.570384122241672,48.0417747530245,30.308245799504597,0.0
17.20940087574892,36.38542320075132,5.418682198339733,30.486221101378735,0.0
-20.3320231127846,-37.03608154409957,48.10878673075135,30.500196882685138,0.0
21.4037582817012,5.883123432960401,65.0,30.416006756542213,0.0
-40.2174156224736,-1.619253114623056,5.408561719998711,30.275294420710857,0.0
-31.37260512904545,14.13184308058798,63.0,30.333257176835538,0.0
1.620264815295027,24.58015527664611,0.0,30.762834426443955,0.0
-4.37360820255814,13.50713887071995,51.4712676667266,30.912161772645675,0.0
-4.139893374719445,-32.5193734435239,0.0,30.66868208426892,0.0
41.2369208110093,-9.196676683810763,34.61823548828362,30.337819820794845,0.0
6.369380654770961,-10.30156156046272,0.0,30.632532982368847,0.0
-41.58521976801025,-7.465386583847426,30.92645516204421,30.33548872154488,0.0
36.92926945142756,-16.00910858804636,37.12442974187286,30.386761919810642,0.0
-9.238795325112843,-18.67316567634904,67.5,30.91422264469706,0.0
-16.39688077540255,-38.93847455714251,65.0,30.39883456372862,0.0
-42.24809725502998,0.4009717315825831,24.04634850928338,30.323259931531606,0.0
-28.17918204889904,-31.48009210683803,3.34847671043833,30.33199577374976,0.0
40.37956464104047,-12.43194511731911,34.63698767552592,30.344219792993037,0.0
20.35704560758128,-34.72251710534326,20.0979698531008,30.539154220267516,0.0
-33.67883601666426,-22.0408372019449,56.66926479051764,30.35166257255011,0.0
-21.94927735350361,-23.81491893446758,65.0,30.428275152363106,0.0
-9.420416403126158,5.293842219136565,63.0,30.610059299209453,0.0
-0.5694667725390854,-40.24597132130089,56.62994593129508,30.654559651259287,0.0
3.242632317535545,38.88186139093182,65.0,30.557786875973605,0.0
-34.40646947800563,24.5205497095613,27.40884344005022,30.387761746861248,0.0
-4.615464556782792,41.99714260429014,7.076964935921305,30.55197255836403,0.0
-32.22344877516364,-27.32602878272665,65.0,30.273345470109717,0.0
4.297121274241732,40.01996062909681,15.74755910786461,30.665831126432426,0.0
-16.39829631048352,38.93787844905758,7.013416584397184,30.469319717784852,0.0
1.950903220161301,-32.3078528040323,66.26021462146986,30.914197080113354,0.0
-15.10275798283684,7.237529594425313,0.0,30.488285524789458,0.0
-34.34693704659631,20.98452800320155,12.60777481269478,30.363706689278327,0.0
-41.17039462852611,-9.490053009937737,7.261012673540047,30.27010379042468,0.0
-38.06216248465289,-13.08947237255506,40.03443711401343,30.373731225807695,0.0
-3.705325957153057,8.730804750371519,2.0,30.6857853182322,0.0
-38.36452834191144,17.69817688641048,34.27455768325157,30.359183475694632,0.0
-30.11597997670157,-26.70374973749773,26.53909501856569,30.44816620210309,0.0
25.9590946618759,21.45632463944158,63.0,30.400196279939017,0.0
39.80947623790456,5.938695282948297,25.57519741993822,30.357588187963792,0.0
-12.09803857615342,-34.55187621392373,2.0,30.549823201325015,0.0
-18.64808626694788,-14.29744960122846,63.0,30.52369926932847,0.0
16.39689911494506,-38.93846683440829,61.57032504967918,30.454803935767515,0.0
-22.60211504927264,30.47514956338868,2.0,30.40165957507178,0.0
-12.34927958264784,40.40492289052904,13.95503494174341,30.55368699064912,0.0
2.788266815220045,-10.73940152297971,2.0,30.7323334539307,0.0
-39.38506655567553,8.299339275207934,29.67478260989617,30.366241811620167,0.0
-16.26167969095482,21.47095557404696,0.0,30.5273362155325,0.0
-32.04440613469188,24.35607799862123,32.99485588876278,30.432441895067548,0.0
28.06439435606462,-11.28829259382824,63.0,30.372777357101832,0.0
36.60565677123384,16.73584154880245,45.78984785077802,30.372886267115017,0.0
8.552520428160754,-17.31787743044484,30.12030388100228,30.916586108437624,0.0
25.12228789043766,31.07306211594688,0.0,30.33771004501391,0.0
-1.403118578979917,-42.22669485353218,48.134864634514,30.626592353469555,0.0
-27.05951604085338,13.26267440415548,65.0,30.3556228567994,0.0
-24.70395109408182,34.27502443968806,17.42128038334386,30.452530342079445,0.0
-32.77135849589293,-15.68301934421909,2.0,30.314360012970116,0.0
15.80012155616986,33.28322827831661,2.0,30.501029891476406,0.0
35.8888556546612,22.2946751445024,54.32766356359274,30.3302461129101,0.0
21.67618741473598,32.26389873481862,65.0,30.391126230705694,0.0
15.08643965637298,35.65451783434135,65.0,30.465290241587827,0.0
30.59112444256095,-29.14181884062403,34.57159611412074,30.424395512383356,0.0
-32.80894445138126,6.595987064813917,63.0,30.320445374655165,0.0
-25.86388717905433,29.52495477518563,65.0,30.340496426809224,0.0
-3.072952857402521,-39.12318692001588,65.0,30.55438972899473,0.0
39.07426022789272,-1.833514212302368,65.0,30.218314548626473,0.0
-29.57107733015732,16.26993755812313,65.0,30.325245837427833,0.0
-9.729028126765261,-20.18785560385809,20.39321376309726,30.916484211326534,0.0
-9.779978834357479,39.04375127980814,59.58554370079737,30.57858023944757,0.0
-3.573148028315776,-28.7299488267635,0.0,30.736832269004957,0.0
14.16617328598777,-39.80429668303871,27.69392483152846,30.570314804306587,0.0
39.84994603308881,-5.660768601515972,43.93752805420123,30.350018433580264,0.0
-10.83592831593178,-31.3262815121809,0.0,30.581606906640264,0.0
20.0711585703123,-4.398889095506428,65.0,30.429889015559294,0.0
-30.16465389491022,-26.64875523172288,46.96467464589647,30.431819011060472,0.0
38.51656809842147,-11.68488262327277,57.00620894748573,30.30583476762536,0.0
-36.48520612928678,14.498752358245,65.0,30.25567726139144,0.0
40.25,-9.858406733136e-15,9.625,30.29723697076035,0.0
-38.92598968397497,10.23864381268702,33.08354813980785,30.371107981823087,0.0
11.6671351768353,-18.58596775837865,2.0,30.695139299011142,0.0
-4.628061510724454,7.53933721402601,0.0,30.60752401176193,0.0
-1.143343143962629,-32.43442330762856,33.99691017255826,30.91645913453456,0.0
-18.00186940405881,-2.295251559552407,65.0,30.45161156123113,0.0
35.93242058686927,6.70347356142528,65.0,30.263445667985447,0.0
-0.9904487347377537,42.23838907088972,65.0,30.484751742321706,0.0
-42.05027381794609,4.103287929911521,3.344705522999235,30.238938487145408,0.0
35.94639235252271,-8.755013407667992,63.0,30.286889044900505,0.0
-38.99039046340193,4.085241848225536,0.0,30.238486170338575,0.0
-31.18919879823465,-28.50081364319619,51.51722056070004,30.38427744388467,0.0
-23.03072970055075,35.42101056520224,27.3650110642583,30.488647560648094,0.0
-40.47592849144291,12.11452486710064,24.01462407355523,30.335757012768596,0.0
2.969168982938629,42.14553992477443,65.0,30.48180444883739,0.0
23.68802912397874,-10.98103312117026,2.0,30.42138357937883,0.0
38.58657380266097,17.20868449858379,23.78891828168803,30.349007244662733,0.0
2.239896307338266,-32.24591527422501,16.51019209085962,30.916338542452817,0.0
-26.82243814179882,-17.89212776360152,65.0,30.361065954524644,0.0
-41.50904243649308,7.877937293823563,3.429757812076028,30.242648111777303,0.0
4.797798903385939,33.28016862974187,2.0,30.70214137382609,0.0
28.16508136705649,-28.75396827547613,23.49299486472726,30.46319984318766,0.0
9.469020708437663,-25.71522111575218,57.17324640655762,30.915135222447546,0.0
-30.14126890841243,-26.67520212839577,33.30577487433192,30.452318498284445,0.0
30.90719891489001,28.80638046050599,0.0,30.275730735948287,0.0
0.444132197261901,42.24766557564282,54.72417499857042,30.60572447692539,0.0
-42.06435274561581,3.956352877639171,61.57024222901254,30.242231831256507,0.0
-9.94644105877453,21.46640904400038,33.98369311660031,30.91297708454563,0.0
-2.196788650564289,1.124472245467101,0.0,30.57022858486791,0.0
-12.67857582876439,-40.30280653942442,0.0,30.409623278784466,0.0
-34.79255588284373,-20.2371083690135,53.74387252223328,30.35858645762851,0.0
-15.73771149715266,1.11187856401345,2.0,30.504411132041383,0.0
5.744052996252749,-13.35959531954735,2.0,30.754657669938016,0.0
10.0,-22.5,12.73333333333333,30.916213853955714,0.0
-5.377666533239251,-18.4219302816593,0.0,30.74563560162862,0.0
-11.52101701456655,-10.73522085807211,63.0,30.64293412587688,0.0
-9.153674080112593,18.47380442165624,55.81337148552403,30.911751895408003,0.0
-38.71050351506948,-16.92806597369569,27.52527205778654,30.354556070711148,0.0
24.29081259381196,32.09390788813831,32.63033447888502,30.510795129888706,0.0
-1.513260734433677,-29.52658239290346,67.5,30.91429695959365,0.0
-6.870352994107945,-6.748702877551076,2.0,30.630842403779067,0.0
28.67421898608315,28.24626817011671,15.5830988680051,30.43222884115977,0.0
2.308906540636929,40.18372121377765,12.34079428490582,30.658240337285246,0.0
1.050202781424086,32.21386876097885,2.0,30.76132799003484,0.0
1.99588709622204,12.70120238503038,8.5596290966208,30.912607165714014,0.0
-20.34819385094819,-37.0271995565994,34.45664036686102,30.517810074668695,0.0
-19.55598702281679,-20.1274339426774,0.0,30.461235611812043,0.0
1.371767764388602,42.22772493517244,24.03938650641831,30.63033317010036,0.0
6.47082581299274,33.55349532194666,63.0,30.740430444928247,0.0
-27.63621675388679,-24.61260053003607,2.0,30.360725001268133,0.0
-12.28811725748231,40.42356582819439,34.23877355614126,30.584082716022372,0.0
-29.81973945543664,-29.93068056041953,27.56859288310735,30.42848280612401,0.0
-26.04324553335229,-29.29015484347568,65.0,30.34317697673284,0.0
-25.2126923602216,31.37487281167564,22.73498076642795,30.49031238613611,0.0
-6.115969136389932,30.41169523697202,55.33891678269006,30.911745007318537,0.0
-5.345342951887128,26.07164397280351,5.0,30.912481215874386,0.0
9.47195013536702,-19.29341916784861,10.97130600707587,30.916152112579468,0.0
-29.81528988513735,-29.93511297899552,48.09052828934332,30.409544233039618,0.0
-39.16914634321201,-9.265013477812191,53.66700518900557,30.32129884685419,0.0
13.77662238953488,-7.494168162431084,0.0,30.507695978575125,0.0
-0.4197808519613833,-40.24781092228901,23.30966059642472,30.69080734078139,0.0
-4.356189156774686,-31.50131190607228,24.28132080493066,30.916511870349765,0.0
-39.4666456840931,-15.08132548704706,37.79639428002505,30.349447346570887,0.0
-7.437563551187291,23.97942337350337,67.5,30.9108048042372,0.0
-16.3222449316011,-21.7918065541843,63.0,30.604747008608502,0.0
25.59830974319356,-14.19442526123554,63.0,30.40703915517691,0.0
3.528371775084457,-40.0950507247065,23.3321450635173,30.685527449687903,0.0
-13.92175646191845,-37.76568809137511,19.885610634732,30.60659666762319,0.0
14.00928557039444,37.73330647858916,39.47477809262906,30.614296958722687,0.0
20.66113102967818,13.45592899962054,0.0,30.4321511271523,0.0
33.20066308797973,-26.13003005200071,14.36313948587571,30.366092842865445,0.0
4.051537677655537,18.16529030763301,0.0,30.750482746339998,0.0
-37.19610110508957,-1.82732727099952,2.0,30.276488505585267,0.0
10.0,-22.5,55.26666666666667,30.915317619393054,0.0
5.299193870801652,14.01951980606887,14.64462287324114,30.912869315427567,0.0
36.87918502676601,20.61524221932785,50.91597607024772,30.33765617447889,0.0
-31.96254407971482,27.63074874034881,41.1345000563815,30.405059790995484,0.0
35.37187483148623,15.88124794440892,65.0,30.266747962883713,0.0
-38.94936957238656,10.1493403684007,19.52072866746841,30.351561926932476,0.0
-2.139509991820614,5.332264593323012,63.0,30.672042598813743,0.0
7.279841371141834,41.61810194628068,41.07056491539694,30.61340912120126,0.0
16.06159780560439,-39.07796790943721,17.73608307906962,30.53867136292436,0.0
-33.48833955760519,2.772440684879788,63.0,30.314108043416507,0.0
-40.72870931727869,11.23542332752157,54.85713487152074,30.29088501264466,0.0
7.824472377722326,16.27283114005568,16.59749026622953,30.912914774812343,0.0
34.21318794978603,-21.20189308322764,40.47099660683391,30.407351511132855,0.0
-36.16440528879343,17.66913382449434,46.65501836817241,30.373962351531503,0.0
-25.91098923574716,-30.80070026517246,43.58305186706821,30.484934656954287,0.0
33.17394602126006,-26.16394093745289,27.77005594737204,30.399662041674624,0.0
17.52960375384685,36.23224382001642,52.81158137800961,30.546889114114993,0.0
33.08781721459423,-26.27277777422101,54.99191055521028,30.35022673358273,0.0
-4.624583051573983e-14,-32.5,5.0,30.915647366690582,0.0
-5.501136565409049,14.14910205494526,8.179231282420652,30.91256266330615,0.0
-5.771099754975602,33.2270935731377,2.0,30.686642980271532,0.0
-22.04113706857037,-36.04512139977466,44.67604330861156,30.49199484809783,0.0
6.356640281395647,-14.78034169584312,39.80500242270617,30.916375093979592,0.0
21.89486446758192,-33.77391611800768,56.70707063350007,30.47474349780285,0.0
17.83025911218762,-38.30332048259329,41.37200370657057,30.536625399951408,0.0
19.59661668392237,-37.43040361181556,37.97830230696373,30.523453280497684,0.0
10.0,22.5,5.0,30.912180172139315,0.0
-42.24815789936532,0.3945302400262318,37.7700806659155,30.32866149402277,0.0
-37.33324063096079,-15.0429931858915,23.06880271755635,30.374799059654205,0.0
0.07624877100757728,-12.50029069797927,56.27085415233088,30.915318750538404,0.0
-13.78244577099432,-23.47792314509727,2.0,30.640688645122314,0.0
11.8681023958778,-19.22201108436329,0.0,30.634677303286754,0.0
-17.63099546411342,-36.18301395605972,40.24572198593175,30.579213756860216,0.0
8.277907731988371,1.426279883550655,0.0,30.538024326439384,0.0
-15.12216449744824,37.30124181461142,9.003325470479915,30.537819553171055,0.0
-39.47660753623,7.852385461149298,63.0,30.25663271463862,0.0
-26.43860100537782,-32.95546808768516,54.96065785602209,30.410834822262192,0.0
-4.514632063776345,29.59132420408613,0.0,30.71477614280124,0.0
-8.86105271545284,-35.82111566823053,2.0,30.581713939588287,0.0
-38.64700775016346,-11.2459455786877,29.78593269868118,30.372922442511396,0.0
26.99266265816243,2.838772762089578,63.0,30.3800857638475,0.0
5.555702330196026,30.81469612302545,66.2397853785301,30.91059053198809,0.0
14.2191618178914,-39.78539854263897,14.30432063153174,30.54338685702191,0.0
-34.40458584184145,24.52319255422024,47.99908850255258,30.36773690625402,0.0
5.846634962225682,7.841144833453027,0.0,30.60187299511076,0.0
-26.77698607913977,30.05088212544775,12.5349253460841,30.435854176764412,0.0
10.0,-22.5,65.0,30.914380596212737,0.0
-29.21694439230879,30.51938171681622,34.2912509497634,30.435038788860236,0.0
30.83469367724096,-25.87052697242012,23.51180396344607,30.436183911570808,0.0
-10.22955192152438,-11.09172137851854,65.0,30.62670038762725,0.0
30.62575402583422,-29.10542372735878,14.35202546663584,30.38848072373724,0.0
39.81340393478981,-14.14055752526269,11.02356917503839,30.298519548943055,0.0
3.906170871591697,-16.67533490373919,5.0,30.91603749964135,0.0
-39.86890668547657,-5.52564744665832,19.6184370269797,30.344693401170787,0.0
-10.61740048549113,-7.998391882385683,2.0,30.598707771458844,0.0
39.83342738661924,-5.775860337207971,51.21224913921139,30.325157678194245,0.0
21.95678029043141,36.09656907903746,7.012720996849261,30.423195503033057,0.0
-8.409969232586205,-17.08960098449722,33.99209781927134,30.916530715629907,0.0
-32.32901397101433,23.97701723863833,59.59040699838445,30.337468048881306,0.0
-38.63295940208076,-11.29411120173605,56.75458362015694,30.30890991713977,0.0
-29.25891592315971,30.47914596903055,20.69014866805524,30.420097130255638,0.0
42.15052874884167,2.897486185139151,24.28127892360394,30.323678801084977,0.0
-35.24507526249579,-5.143172103849384,63.0,30.297870716225823,0.0
-9.490607234736043,20.36906715190579,0.0,30.694261107478635,0.0
-29.80785522383173,-29.94251604249528,41.27210275264266,30.425430413151645,0.0
-41.78197897074782,6.27126249554164,14.07934656479724,30.29850300725079,0.0
-6.358391204094652,41.7688084734972,51.1284074267482,30.602195534719204,0.0
36.85340551124951,20.66129236575981,37.36300253819403,30.36929734668043,0.0
21.97038705855324,36.08828885521391,13.85885846842261,30.46616396532817,0.0
-12.3910655138752,34.63070816294501,2.0,30.537277932363377,0.0
-33.86778026215793,-1.729387116159147,2.0,30.306623204465172,0.0
8.551472708522946,-17.31614867927453,37.86555110351906,30.916419924811432,0.0
42.06435274042519,-3.956352932826378,65.0,30.186188908805153,0.0
-39.72476636093307,-3.754227312249573,65.0,30.23515704669983,0.0
-40.4718254146529,12.12822524551123,51.08479975284033,30.30943391341793,0.0
-7.106736556299568,-29.53521822826807,45.64017494492074,30.915992923385858,0.0
32.32469352646631,23.98284154181957,52.78585531464419,30.385738634547916,0.0
-14.24458301245892,8.763486606108039,65.0,30.525559495764206,0.0
16.70619359508874,1.409507214125715,63.0,30.504217268082602,0.0
2.263697661309194,-32.24041441100857,51.45558066089572,30.915601991095453,0.0
21.04441182152578,34.31027879639024,32.65456662553247,30.545043762503965,0.0
-35.49733089002123,18.97371865724652,2.0,30.28044697152284,0.0
-36.15392569659501,17.69056688535127,53.49171783138444,30.345603137487473,0.0
8.093016314012168,39.42797974714318,8.946880096475546,30.60675738634031,0.0
0.04172622415836084,9.980499844069207,2.0,30.723621903745567,0.0
25.72279761617631,-0.622871513229442,65.0,30.3633097550736,0.0
-6.113944628571291,-36.73042704152183,63.0,30.64016515466202,0.0
40.58894917512148,-11.73029005862198,65.0,30.218275859038187,0.0
1.478620088192087,-33.38801472058783,2.0,30.73089231979825,0.0
-18.91981144567679,-16.21815343737701,0.0,30.468039319255606,0.0
-41.44030077509805,8.231887491299162,17.50219018403982,30.312921149578326,0.0
28.24309821985896,-28.67734128093815,9.57640673029569,30.406155335659733,0.0
31.37064522351862,3.133884674779802,65.0,30.306123513773333,0.0
4.980490692246967,13.82851151967315,11.49702287873707,30.912737043580243,0.0
-21.05231065217862,-34.30543275057417,59.63103561707415,30.45481802246526,0.0
5.315800551402791,-30.97008054847802,30.12044585507401,30.91651616346521,0.0
-38.21972201734257,-18.008757561727,54.40439553657114,30.312671667349683,0.0
22.69033121617562,-14.45031115960944,65.0,30.41641258481322,0.0
-34.06180869505103,5.320789886096366,65.0,30.28403538651965,0.0
-37.02481783220749,15.78687317019588,22.85155600276362,30.376297178398225,0.0
-9.037574876417017,-26.78044861587614,47.58397422667883,30.915875921571125,0.0
-12.32887249043324,40.41115443927132,20.81305057163792,30.57429510878347,0.0
-7.107146834112291,-29.53480375549792,41.75630224401256,30.916195225100054,0.0
-20.1743670887605,25.95395909139302,63.0,30.48875215086125,0.0
35.24482206563997,-19.43875041152023,23.57011680304993,30.39430892939759,0.0
-16.71835568584111,-38.8015345464803,14.22306631923479,30.51897634600405,0.0
2.012690584060657,22.88607165561811,67.5,30.91112539953656,0.0
8.569108050697489,27.65464714752343,41.72545605601375,30.912676725558722,0.0
-39.75676077898019,6.281916297034102,19.54479440632092,30.34513181788798,0.0
21.97626602270087,-33.72100579311778,30.20909152625153,30.536204481672886,0.0
-15.02144520957157,37.34191590981693,22.66510052012523,30.59854598027018,0.0
-6.532526432744652,39.47492316089976,0.0,30.44715452888998,0.0
-14.94322854149304,37.37328485371212,43.04353175332475,30.60105713708602,0.0
40.59145812978142,11.72160513318045,20.55157829520245,30.326717503765675,0.0
39.06446763671304,-16.0944048743717,21.16630001564899,30.34065810020797,0.0
-22.36170187903889,33.46665189517751,2.0,30.373519301132667,0.0
-6.470825812992764,-33.55349532194666,63.0,30.742911142547648,0.0
10.0,-22.5,32.06666666666666,30.91652110059184,0.0
-7.104634843945793,-21.13124512665501,5.0,30.9159704857532,0.0
4.460854362517237,-22.02940316752336,0.0,30.759992408012,0.0
-18.50693509475204,37.98099331769293,54.87236434974487,30.48689016436916,0.0
-21.89277534137715,-29.72703765407786,2.0,30.420412438580637,0.0
14.55372442451307,39.66423584761633,65.0,30.415498309901704,0.0
-14.17610506407311,39.80076061097778,44.53026409873132,30.562043039858775,0.0
-9.946369660997982,21.46572220038382,18.43604100346425,30.91292443659689,0.0
-6.09982432521327,-37.619042990613,65.0,30.568411658689676,0.0
-38.71707251506339,-16.91303626979268,34.38319837832245,30.35724666506784,0.0
41.5012360006271,-7.918958922753257,27.75924942852907,30.33346691950533,0.0
-40.68752997367153,-11.38364636843488,17.55533770542178,30.31882160201738,0.0
0.4892508566188025,40.2470263944965,42.94240562990438,30.689012125954033,0.0
-18.17020642237549,9.743114058145933,0.0,30.45735720966239,0.0
-35.32511430373213,19.2924544687362,16.04018622486638,30.370410930269276,0.0
40.15278801089692,2.795731559354873,26.78125,30.356640381887964,0.0
-9.87448624730898,-39.01995670617416,5.364253951246527,30.557220698908772,0.0
-26.86284278398583,-32.61058382738433,41.24476209379904,30.452321263500096,0.0
25.66317109632607,-3.829284506455677,63.0,30.396053488748596,0.0
9.43933333333322,25.80136126805661,14.66666666666667,30.91277888171029,0.0
-1.008178869519974,-32.44904896796942,14.59453128013339,30.916267919807098,0.0
-38.04237509791601,-13.14687023247206,26.3767184091697,30.374557897471202,0.0
30.10749492780726,26.71331595238712,46.14739574520651,30.433760838888894,0.0
8.455778956380788,-41.39519660831228,24.24892960300796,30.607998529269665,0.0
9.316900903188253,-39.15683666437025,33.55088246410527,30.658592556628935,0.0
-41.19163662724911,-9.397423687834316,34.33686742081262,30.338596995253873,0.0
-10.0,-22.50000000000007,63.0,30.914601368740584,0.0
12.40018543127683,28.96297555073594,65.0,30.633165330214513,0.0
6.412144104055526,26.97890171760765,67.5,30.91067947952218,0.0
40.91183222787662,-10.54914611511641,51.52222780654833,30.30395499171989,0.0
-38.62072585726381,-11.3358737756767,16.23449841115509,30.34371428278001,0.0
-6.14091042707289,-14.60764806115012,28.16677534951004,30.91662511390061,0.0
38.7885160736421,-10.74772165646323,10.0397217161009,30.31281646171854,0.0
9.439517683489248,-25.80083412232329,41.73409745263832,30.916208790244013,0.0
-26.25197546882552,33.10432424901894,41.123047814198,30.456325022296863,0.0
41.83267623908899,-5.923655853909735,61.57024218792396,30.23553757529762,0.0
-41.18755551551313,-9.415294507158261,27.5025351928156,30.335919079361975,0.0
-35.51660672157477,22.88303185736081,37.70058673516399,30.37959318571496,0.0
10.41610846043322,-40.94590558945414,20.98157275892008,30.59157106864688,0.0
25.70113905370624,33.53377329412925,54.71557992261373,30.41935218210094,0.0
7.548229717011581,-3.547157578509175,63.0,30.61742043596671,0.0
-38.39083224880061,17.64104586594714,20.90771612586362,30.344729582304794,0.0
34.46800901717572,-24.43396927214024,61.74743675932079,30.288610507624,0.0
9.238795325112864,18.6731656763491,67.5,30.910631904795814,0.0
8.356950271845966,-5.163723832381487,65.0,30.574890897293827,0.0
-9.720820732464443,24.84641093742964,35.92463782642577,30.9129092823196,0.0
-23.93633790917148,-23.15503861353039,63.0,30.430087697749638,0.0
4.213041322900341,-28.80526192220052,5.0,30.915911234209133,0.0
32.98930235961467,26.39637152765361,58.59881562264795,30.32843709689956,0.0
-7.071067811865434,29.57106781186552,5.0,30.912093283636487,0.0
-9.945600909657907,-23.54164415507975,33.99500426210142,30.916481077932882,0.0
22.55372012864096,35.72663164026152,54.55043971809108,30.451345241037856,0.0
38.27961967175808,-17.88108547559547,51.52443105649839,30.32419158330592,0.0
1.993636836298083,12.70074430556303,59.43812042939767,30.911472484478182,0.0
-3.869475292962985,13.27898265064266,55.82668258841279,30.911803132942367,0.0
-33.20326700886485,22.75094635258119,36.42140045932047,30.420351860006978,0.0
22.08710561220707,-33.64851060114267,9.859538089720015,30.473612953045016,0.0
-7.102675793160223,-29.53931790568204,33.9952415505223,30.91646039381849,0.0
22.34279886877732,-18.920203464927,0.0,30.41497880735883,0.0
10.18912722047967,38.93898029590503,25.91409440613123,30.646861383647078,0.0
-7.07106781186552,15.42893218813457,5.0,30.91224752910254,0.0
21.69428467600207,36.25493776572485,65.0,30.35546990685838,0.0
2.212298891293354,12.74778314353182,43.69460951781257,30.912693758183526,0.0
27.62197694458968,8.360421594181283,2.0,30.36860990956634,0.0
21.52350427815104,-4.490956491018455,2.0,30.43863567417238,0.0
-1.260892515318057,21.18512059176407,67.5,30.91115898624547,0.0
21.34143012298095,-36.463760918286,41.35831979413519,30.504157823839904,0.0
-38.37037802452291,12.15633950888213,36.49300862155616,30.374400664524188,0.0
-36.90897759590313,-20.5618548002149,7.281013931909776,30.299264737123444,0.0
12.07414357311393,17.59946721345681,2.0,30.672937722721148,0.0
2.965862480037213,-9.601537963285114,65.0,30.710719007090432,0.0
0.1416459017985096,32.49899677160182,24.26594198308086,30.913004516149524,0.0
-14.46658240569595,11.14681009972552,0.0,30.519412106303797,0.0
23.85245005567609,26.43911475125419,65.0,30.38858230138291,0.0
0.1411838493937438,-12.50099669363639,35.93051822266128,30.916540893520477,0.0
-17.1504672567089,-18.40515206255826,63.0,30.574967026640383,0.0
-14.18391066295477,39.79797957566839,37.67180511808703,30.56849226823699,0.0
-34.5833078522579,-20.59265203891808,5.353317565112469,30.31711945155624,0.0
7.528302802057948,-24.53498763124338,0.0,30.728717144614702,0.0
-16.8624319225587,36.54751550594203,19.30104137227091,30.57204045229949,0.0
-15.4903319204733,-28.25057268188161,65.0,30.548595417285156,0.0
29.20139814083739,2.059949069451361,0.0,30.32225830937558,0.0
-21.34761805317364,36.46013855508252,44.54227914893676,30.496704453839907,0.0
32.06525469414812,8.832841814334603,63.0,30.326618526757926,0.0
33.47635300074431,3.3372350037781,2.0,30.305758238468773,0.0
-13.06306325981519,-40.17983173521345,41.26286500760865,30.577204371299274,0.0
-4.373023954757204,-31.49314525019582,39.81529517393821,30.916281032700507,0.0
-15.7233403455581,-39.21529125708165,58.15812221743026,30.494655568896917,0.0
2.23890281260776,-32.24614355505279,55.35432728321407,30.915288755435807,0.0
-19.293197183636,4.389162240994668,65.0,30.43914414028679,0.0
31.10310424283114,28.59474438528136,13.82216964835282,30.38036605756759,0.0
-11.25415942266266,38.64461664565057,29.43110559249414,30.640018062622957,0.0
42.25,-1.03482654528e-14,45.88235294117647,30.313275184210344,0.0
16.89487725810069,-36.53252827869585,13.23262031710788,30.552417635548903,0.0
30.98937989578311,-19.32637042567713,65.0,30.307304090411673,0.0
-8.400289679463626,27.92541549571062,18.43612953597959,30.912897868523363,0.0
26.2750433119488,-33.08601817921302,10.91064945050796,30.411243243652155,0.0
-40.22171771589925,-1.50861657902758,39.98145681932965,30.355415569836804,0.0
-32.44925713205477,27.05749825053663,54.86034444470761,30.353991787278083,0.0
9.471950135367031,-19.29341916784864,57.02869399292408,30.915184283345877,0.0
20.17054953997173,-22.22746288120294,63.0,30.504626822380864,0.0
12.69242161217623,-33.21549280684588,0.0,30.518260777139464,0.0
-37.18615118357935,-15.40300815269473,2.0,30.269424099685303,0.0
-36.95426205033092,-20.48035684053069,48.07224934138551,30.34828185994959,0.0
-29.82329681984487,27.03023245914527,59.58466351212755,30.36201305812685,0.0
-9.238795325112843,-18.67316567634904,5.0,30.915686224070267,0.0
-7.229896531266261,41.6268074219869,54.86714811273409,30.58312562248111,0.0
16.69489761001241,38.81163348522195,10.44983933610873,30.498591898439276,0.0
-9.807852804032297,24.45090322016132,66.23978537853009,30.910732914689973,0.0
-36.5569058573163,21.18148092413071,41.14395094801105,30.366843004576893,0.0
-17.67312161694721,-36.16245666865836,53.89766028081364,30.540288271900536,0.0
-9.604036681025871,-1.682919838290761,0.0,30.527692116546643,0.0
-39.15709588575309,15.86771381749552,30.86281225739912,30.3529186895138,0.0
-6.144058140203997,-14.6100982534766,20.40422444117354,30.916542993230493,0.0
39.31215876897439,-15.47955661260845,0.0,30.2244606934401,0.0
22.01643114490159,-33.69479573527353,23.44851366500364,30.528493135636566,0.0
41.34694996163407,-8.688626408709718,41.36118813174745,30.330097116615516,0.0
6.504678208618459,-41.74627721608628,41.29400414178092,30.61917776943868,0.0
0.647160227723124,-42.24504330261307,10.83989104311029,30.59869629759476,0.0
-29.50311234659714,27.37935101247047,32.9725736048978,30.457130210159562,0.0
-3.914566839240022,-9.368896707997434,2.0,30.69573351173332,0.0
-1.146411050399927e-13,-40.25,2.0,30.5494567345017,0.0
-28.37598012425311,-31.30281540034366,37.85058041282084,30.44230888191328,0.0
-16.77464651955132,-38.77723216198011,27.60868845985154,30.547951298763465,0.0
-33.6871145974424,-25.49981980522182,17.59401774337169,30.37373211241636,0.0
-36.54089413488209,21.20909134836613,34.25359086284217,30.37338106074078,0.0
-27.46781287549788,11.58235499168774,2.0,30.373802400405943,0.0
5.331502435131376,-30.96020577670474,22.34419932350269,30.916485326840938,0.0
-29.52886425736674,27.35157537821193,26.13315379311224,30.451996843905196,0.0
0.3219413209161229,-38.85268407041198,65.0,30.571029966282154,0.0
35.87382556312195,22.31885166102187,47.53329943392774,30.357793409313985,0.0
28.07391975279021,31.57400085060326,0.0,30.29574254553793,0.0
-9.945627546310003,-23.54138979737641,37.87469990201615,30.916373415182683,0.0
20.48758878375039,-9.71007736398118,63.0,30.474043679181804,0.0
-27.0035431825222,2.857420209378322,65.0,30.35148216419565,0.0
-3.503770453905779,40.0972080400411,29.38721857464251,30.686298257200008,0.0
-20.54143937605954,-9.696199947308251,65.0,30.437066889339402,0.0
7.887898993071742,28.64662911481552,8.23530100554819,30.912450582966713,0.0
14.89664978993443,39.53672122263108,40.98326338311969,30.560818843133898,0.0
-21.94458388117276,10.74913634620978,63.0,30.45401014460616,0.0
-42.21857259303707,-1.629302981786566,14.09990931569599,30.29573437229746,0.0
29.21562412777645,-30.5206455833504,24.33706874706559,30.429870892779565,0.0
20.5470987761253,-8.595935211765912,0.0,30.423444682547004,0.0
-8.314696123025435,28.05570233019605,66.2397853785301,30.910714932643156,0.0
-29.5968085755378,5.817281566309637,65.0,30.32596413872729,0.0
-22.51000601619488,4.430137511265923,0.0,30.393617907965478,0.0
26.5091722976247,18.79854718810651,2.0,30.384980381530827,0.0
12.51155866331678,34.96746395600142,63.0,30.564976508411892,0.0
42.06435274042519,3.956352932826321,0.0,30.187971152896207,0.0
-25.78218384341685,-30.90859906667164,9.539590101636566,30.42875892225915,0.0
-6.141736389206312,-14.60829079821747,35.93316877740475,30.91651087597189,0.0
23.98738830378387,-4.141397472176434,65.0,30.383885246999462,0.0
-16.78073771042189,29.231283579851,2.0,30.517867790549193,0.0
38.59801279159979,11.41297106539304,42.3267447271092,30.364078539800424,0.0
24.38120406495106,19.75009058277175,65.0,30.39345249647651,0.0
1.63260370011329,-40.21687587516435,13.13530691415617,30.66667908497606,0.0
9.284271466986763,36.01091330819204,65.0,30.559740041192708,0.0
-31.19192998309684,-28.49782454731562,30.99064730121307,30.418851304751055,0.0
-33.20200488504722,-20.86590736449,0.0,30.277624404051227,0.0
39.81435452608243,5.905901596828301,59.57958847095379,30.27594799862014,0.0
9.4911004852809,-12.1099063177621,2.0,30.670641246239015,0.0
-7.501432298334387,-41.57873270643906,51.24148082812497,30.5983266738914,0.0
22.95891319434034,-23.62688744540646,63.0,30.446386001538144,0.0
-9.291367316921914,39.16290328080945,39.61806068787638,30.654171241318917,0.0
2.220214628525487,12.74958221391096,51.46747771288854,30.912173454349404,0.0
-19.62075547818169,37.41775587158325,41.10988481223785,30.518207466396742,0.0
-10.77544723082921,40.85281186131029,61.57009544164099,30.499948020477834,0.0
-38.0935020704169,7.229707143257253,65.0,30.247935858391493,0.0
-20.35924678676099,-17.81881437358922,63.0,30.499747150996974,0.0
21.29730660681831,17.3652095049209,0.0,30.428840931690697,0.0
31.50682438988442,13.19862477777487,2.0,30.324910957207646,0.0
38.77859016321069,-1.503506633996643,0.0,30.23004848811869,0.0
12.07441296042742,-40.48791241421398,51.21707038119036,30.566741705840144,0.0
15.33580329064939,-31.6390665529758,65.0,30.51474363891527,0.0
-42.20356266527131,1.980353089354997,0.0,30.209689583292956,0.0
-12.23254029907313,-38.34615310342814,56.61301545331326,30.583542541022233,0.0
-29.47693894340834,27.40752762520868,39.76110750691083,30.452892357628883,0.0
-3.826834323650852,13.26120467488711,63.0,30.911115864494136,0.0
29.54689895561021,-15.10511260814479,63.0,30.35528737731964,0.0
5.314965825730908,-30.97060436281335,33.99657273026014,30.91646076885597,0.0
39.78192890371496,-6.120509186315185,5.295366377577254,30.274130339601196,0.0
-41.88553590920719,-5.537542920692868,20.80818648145056,30.319210286922456,0.0
17.61868018644431,-23.74517204133174,2.0,30.53894212180319,0.0
22.3046940827114,-28.0473505638673,65.0,30.407495947985872,0.0
7.887535560783948,-16.35290452511362,8.235973772688826,30.916029338647302,0.0
-7.111703860384538,15.46980311782155,53.41711312826646,30.91198489022741,0.0
35.27049517747465,-19.3921290717584,16.81125864441096,30.374716818118728,0.0
-13.24083353272485,-27.87000838114205,63.0,30.672440692816984,0.0
28.33904046673316,31.33626151002797,47.88554212994038,30.422934785567964,0.0
12.13145427564327,38.37825318012763,42.86636539669773,30.62863373275182,0.0
37.69679058969351,-14.10724917327239,26.92550878604529,30.377998677084843,0.0
3.391899391566588e-14,-32.5,63.0,30.914553157179377,0.0
-39.00300314068693,-9.941239661509307,59.95809117194973,30.285213080744906,0.0
-7.071067811865434,-29.57106781186552,65.0,30.914307037982237,0.0
36.48109639252047,17.00564923781594,32.52878073872523,30.39179361143114,0.0
8.699839165217305,-15.97978913174099,2.0,30.74460476968966,0.0
-0.5815510863056679,42.24599742382723,34.21131031565783,30.634140594825055,0.0
-3.154595993215208,31.98939008153793,30.09391101320477,30.91300487976567,0.0
-41.09344730628463,-9.81789633707794,58.14667816614642,30.271651049474716,0.0
5.321887014112391,41.91348253973919,37.64547511551814,30.623605778535975,0.0
21.64114201206914,-32.58770012409814,65.0,30.390201481194392,0.0
22.41338576672644,-29.99196069770727,2.0,30.417094798656198,0.0
-9.947438282134367,21.47605096653805,30.10348006752761,30.913038659761945,0.0
-6.462197503270168,0.00632989483618244,65.0,30.567192218074865,0.0
8.144497276561083,28.30234126125731,56.70875695936649,30.911619283446964,0.0
-41.87789282762107,-5.595050698455139,7.038471743456005,30.264265225194233,0.0
-9.93720665830216,-32.2028443420399,63.0,30.69159728169951,0.0
42.14130819890398,-3.028637199300771,40.0486961332808,30.326281005738757,0.0
-37.52569308913378,19.41352255980704,17.47126751188968,30.341541738150656,0.0
39.31695875752889,-8.616220404491267,36.95873116494296,30.36620736119229,0.0
29.99601396621015,26.83843598533502,19.00842197758468,30.431443770494127,0.0
8.879498383673324,38.79307026076781,65.0,30.505599855801886,0.0
-31.9966553304251,27.59124041550106,14.01722023228391,30.373055568858,0.0
-6.120267056324613,30.40837095483435,51.44699810013865,30.91206263318325,0.0
-25.25401534889705,31.34162102951397,15.94293062946534,30.4687405341511,0.0
23.67595909912735,23.74481611695812,63.0,30.432665393202043,0.0
42.25,-1.03482654528e-14,22.94117647058824,30.320526952862707,0.0
-33.66724102893561,-22.05854441026323,16.30741107503784,30.387412491126746,0.0
40.05618524855593,3.945189898264808,63.0,30.238658031759936,0.0
39.06417395960207,-16.09511767132964,48.14664532222204,30.330671699030123,0.0
-7.303072152790831,-41.61403173367285,44.70056176045598,30.61210841357812,0.0
8.909098065615682,2.119935663582134,2.0,30.579295473906747,0.0
-33.21245140423649,26.1150449304846,30.83116052927599,30.400222013462137,0.0
24.34579697543425,32.05221785822217,46.19536822535422,30.49436859993626,0.0
-17.89492254351835,-12.71518897108633,65.0,30.490211416309936,0.0
11.29399222096104,-38.63299418518932,23.37777124933189,30.637296477554724,0.0
5.963703112202902e-14,-37.15469920723312,63.0,30.673602315364754,0.0
3.448558115945153,-13.11344328728853,45.62380127708926,30.916105958864694,0.0
-35.28033025856345,19.3742302259133,29.60815573271967,30.401378414207603,0.0
-1.141275824989561,12.56533898458058,49.52577515771696,30.912324072553783,0.0
-1.560613073928471,5.033752750871563,0.0,30.593171454922526,0.0
13.07538983453559,-38.06700251759946,47.27453699463864,30.614815654963547,0.0
-39.58463678535669,-7.288280357628019,56.4571041776932,30.303081859920628,0.0
35.48787634330537,-22.92756272791041,7.582364353066603,30.311919070208116,0.0
-24.25133584199925,-32.12374837839698,12.97207732494506,30.466881710013674,0.0
0.321941320916038,38.85268407041195,65.0,30.56878087904036,0.0
4.983474757276737,13.83022610770122,56.48729248462766,30.911733458736197,0.0
-0.4016914349573628,-9.199673214451668,0.0,30.65222197435215,0.0
7.071067811865488,-29.57106781186546,65.0,30.91434454012302,0.0
-34.73055573215277,1.317998313908102,65.0,30.27859800716605,0.0
3.354211301079767,-13.07931708697778,30.08317009449899,30.916637959233306,0.0
42.12024221453282,3.308730238186155,47.79411764705883,30.308495992457555,0.0
27.33394142807878,-27.98240934462493,65.0,30.333322274113492,0.0
27.7224992095664,31.88299762531105,58.4061835959218,30.375958890803265,0.0
-22.70922847269038,-33.23181370577219,23.17747322032338,30.5199971598056,0.0
-6.079091740157512,-2.878820149177996,2.0,30.60595459484494,0.0
-20.61560443708382,11.0634344354299,65.0,30.438518640605633,0.0
-1.254194575893693,28.80526192220054,5.0,30.912480529449496,0.0
-20.81829150187949,-3.333585630339256,63.0,30.455424658983052,0.0
-18.69349766473014,3.732072378003077,2.0,30.47218302291807,0.0
36.97106366063375,-15.91235217688971,30.24786854147253,30.38750882186312,0.0
32.3964661314198,27.12068366018397,10.4032368115745,30.3519533385323,0.0
23.35396117144348,-35.20873467767211,3.716801081190949,30.380719008041353,0.0
-24.9937694421851,34.0642626380037,54.71087985665844,30.423136346998405,0.0
8.567278188401188,27.65768789696946,37.85161740019036,30.912840574881248,0.0
-7.097976732896361,-29.54405609711208,26.22464838629647,30.916526445617144,0.0
-35.00382627570627,-1.614787619529979,65.0,30.276382851963575,0.0
1.260892515318049,-21.18512059176404,67.5,30.914718069233302,0.0
-10.96452018509115,15.17374183728704,65.0,30.684302270244267,0.0
31.9373906665196,-27.65981882467971,17.75956352102201,30.389695757815495,0.0
5.558218806731222,-14.18698588377841,59.6280872522407,30.914989558771456,0.0
-5.786983218056592,21.77276319348541,0.0,30.748125817253438,0.0
-14.00791244591454,-37.73381625157456,33.41751612415528,30.618739601399202,0.0
-25.94379150142736,28.63290887225884,0.0,30.336022770572253,0.0
-39.88931671814045,-5.376328836658034,53.64542935605824,30.315546751244252,0.0
1.389379489886607,42.22714914167285,30.72318015798579,30.6333713250213,0.0
19.9115273256934,-12.50533777888327,0.0,30.442391265486574,0.0
-40.09829126810297,-3.491351798140271,29.74213744980084,30.36069891016979,0.0
37.01990640979437,-1.523599991172901,63.0,30.272098327095755,0.0
36.15933427188417,-17.67950918476366,20.2027990894617,30.37779678454944,0.0
28.58588632935829,-1.878195506489965,0.0,30.328753813377077,0.0
-0.2882619164499878,12.85231376081207,0.0,30.71332395818373,0.0
-28.37301758578131,-31.30550068401629,24.31669481841564,30.43713650443934,0.0
-7.07106781186552,-29.57106781186543,67.5,30.914127685438025,0.0
40.90960759872653,-10.55776994058009,31.27208743426899,30.34026383113334,0.0
31.11367074785019,25.53432968758669,2.0,30.3134876186033,0.0
-29.48659432830238,22.04020208750513,63.0,30.345978139192738,0.0
24.43173536069713,-10.92620124271409,65.0,30.386975423795917,0.0
-5.345342951887128,-18.92835602719649,67.5,30.914456072116803,0.0
41.70149909123568,-6.785828876686288,38.01470624686104,30.332070756379387,0.0
-11.68395825949225,-38.51684851322136,2.0,30.49185951944493,0.0
2.473865868837771,40.17390306732717,46.34624194430842,30.682742707672407,0.0
-35.73639836834916,22.53824153874146,3.429751185801467,30.278544964966397,0.0
11.98637348165218,37.41613651440173,65.0,30.488187594212896,0.0
26.79603336811079,8.444754957955151,0.0,30.34866106932118,0.0
27.3018145191972,24.76307959407052,63.0,30.374069794078014,0.0
-31.94595784520488,27.64992364098665,34.25404772100371,30.41127085624046,0.0
-3.251973303415427,10.31514218785136,65.0,30.730678403491247,0.0
34.53074410581647,20.68067241408318,12.23035816772345,30.359261385839527,0.0
-33.6208780662331,0.2190493865270081,0.0,30.284562415654843,0.0
-37.32574748965084,19.79522857505879,58.2591833139037,30.293432565551225,0.0
18.52163928357913,37.97382490938961,27.25601525695579,30.5305139527595,0.0
11.54359959866899,4.806688767513461,65.0,30.535544210226615,0.0
10.0,22.5,24.33333333333333,30.91303329216998,0.0
-35.68667784136878,-18.61514234827009,23.12379345106295,30.389459877071886,0.0
-7.345320430091421,-33.49044074910365,65.0,30.67296185169393,0.0
-7.106308752999095,15.4643496457649,33.98923767980425,30.913034184461846,0.0
9.72320429834552,24.83651410709099,49.46666666666667,30.912218391412004,0.0
16.98519546669026,-9.610528309850036,2.0,30.51452970740971,0.0
25.55433118537661,22.57173961908745,0.0,30.363141908559268,0.0
40.38114288326093,-12.42681775200978,48.15097531490297,30.3205250540102,0.0
12.28672424589591,-40.42398925520975,37.9392586591141,30.58552258799154,0.0
-2.052101783714978,-19.36453084132278,5.0,30.916143845105786,0.0
36.37123920489361,-17.23935783898028,59.60569641303373,30.30563363824997,0.0
30.90719891488998,-28.80638046050604,65.0,30.282382345811655,0.0
-9.238795325112898,26.32683432365082,63.0,30.911036306318945,0.0
36.90512780184836,-16.06468306345442,50.61520819765464,30.353324775495548,0.0
-9.408898561054828,39.13483266691938,19.25202656938362,30.643182229406257,0.0
20.15024075420343,5.869002955464154,2.0,30.457259178034096,0.0
3.391899391566588e-14,-12.5,67.5,30.914259947427883,0.0
-9.726841678091288,24.82132526142854,43.67669113877662,30.9125883666654,0.0
-8.400048249685431,27.92578928847746,14.54490562903415,30.91276203850844,0.0
40.91353436689107,-10.54254265389632,58.26742805235197,30.269167113386732,0.0
23.04602936860383,21.15048098058438,2.0,30.43516966893681,0.0
-21.23196258090925,-27.86651727889026,0.0,30.408687158514905,0.0
-12.8909728666911,-8.237587120249842,65.0,30.54352949569911,0.0
3.94518989826491,40.05618524855592,63.0,30.571186183300114,0.0
7.29075073202575,41.6161922064413,34.13268251730702,30.61566169807283,0.0
25.53432968758665,-31.11367074785023,2.0,30.364040434736093,0.0
-18.52873172167714,-37.97036477025359,17.64783354363862,30.514570206541396,0.0
36.91813684505204,20.5454051283982,57.71823789525217,30.303021121203845,0.0
-18.59102823307128,28.322949173843,63.0,30.508361599599343,0.0
-8.263169111187539,-39.3926710980598,23.18980690894542,30.66094546417742,0.0
15.14210763652473,15.71289228971494,63.0,30.61158667265658,0.0
-21.17610973775741,-25.87479495969163,2.0,30.45530132984049,0.0
-29.77351335037006,-29.97666430367688,14.18214003564688,30.394415243100756,0.0
-0.152015825278003,-40.24971293299947,9.233678716036904,30.644203511854613,0.0
39.77031328801453,-14.26130011510783,31.26793385394049,30.348849840132566,0.0
5.565538860549132,-39.86335757549428,13.16655447067447,30.653219269259424,0.0
17.5082846224831,5.508858879049873,65.0,30.463779810000595,0.0
-23.72605009078243,-34.95907674824498,34.44693277934346,30.48661884842401,0.0
-3.336618328511611,-42.11804219250748,3.41841230615759,30.518240907623476,0.0
-40.25,1.479257661458552e-13,2.0,30.248978801659295,0.0
-28.33121913767449,-10.39764814639604,2.0,30.364048785264746,0.0
35.39702941790443,3.313562025268768,65.0,30.266796811971332,0.0
